,filename,distance
0,image_0001.jpg,97409
1,image_0002.jpg,45970
2,image_0003.jpg,5493290
3,image_0004.jpg,41826
4,image_0005.jpg,126721
5,image_0006.jpg,101101
6,image_0007.jpg,59293
7,image_0008.jpg,24255
8,image_0009.jpg,110990
9,image_0010.jpg,15181
10,image_0011.jpg,12979
11,image_0012.jpg,11766
12,image_0013.jpg,9647
13,image_0014.jpg,25846
14,image_0015.jpg,776565
15,image_0016.jpg,47421
16,image_0017.jpg,61767
17,image_0018.jpg,38257
18,image_0019.jpg,32107
19,image_0020.jpg,20431
20,image_0021.jpg,20173
21,image_0022.jpg,36093
22,image_0023.jpg,15354
23,image_0024.jpg,249408
24,image_0025.jpg,216357
25,image_0026.jpg,102540
26,image_0027.jpg,283374
27,image_0028.jpg,4931
28,image_0029.jpg,53942
29,image_0030.jpg,15197
30,image_0031.jpg,29185
31,image_0032.jpg,1254051
32,image_0033.jpg,14576
33,image_0034.jpg,21065
34,image_0035.jpg,131742
35,image_0036.jpg,218647
36,image_0037.jpg,219831
37,image_0038.jpg,13680
38,image_0039.jpg,160940
39,image_0040.jpg,11590
40,image_0041.jpg,757245
41,image_0042.jpg,46012
42,image_0043.jpg,43956
43,image_0044.jpg,9736
44,image_0045.jpg,440344
45,image_0046.jpg,14581
46,image_0047.jpg,13719
47,image_0048.jpg,25808
48,image_0049.jpg,55151
49,image_0050.jpg,3530
50,image_0051.jpg,4932
51,image_0052.jpg,95340
52,image_0053.jpg,39924
53,image_0054.jpg,61768
54,image_0055.jpg,15826
55,image_0056.jpg,17090
56,image_0057.jpg,9254
57,image_0058.jpg,11284
58,image_0059.jpg,214145
59,image_0060.jpg,5238
60,image_0061.jpg,1414682
61,image_0062.jpg,12861
62,image_0063.jpg,29172
63,image_0064.jpg,26073
64,image_0065.jpg,17189
65,image_0066.jpg,6143
66,image_0067.jpg,4922
67,image_0068.jpg,4023
68,image_0069.jpg,7829842
69,image_0070.jpg,323269
70,image_0071.jpg,41183
71,image_0072.jpg,5905
72,image_0073.jpg,510618
73,image_0074.jpg,55690
74,image_0075.jpg,5132
75,image_0076.jpg,12565
76,image_0077.jpg,283524
77,image_0078.jpg,3658
78,image_0079.jpg,111393
79,image_0080.jpg,16311
80,image_0081.jpg,4453
81,image_0082.jpg,7355
82,image_0083.jpg,342865
83,image_0084.jpg,3808
84,image_0085.jpg,5347
85,image_0086.jpg,13281
86,image_0087.jpg,15329
87,image_0088.jpg,4445
88,image_0089.jpg,4544
89,image_0090.jpg,25431
90,image_0091.jpg,13046
91,image_0092.jpg,7051
92,image_0093.jpg,5883
93,image_0094.jpg,24440
94,image_0095.jpg,2676
95,image_0096.jpg,4836
96,image_0097.jpg,3905
97,image_0098.jpg,5553
98,image_0099.jpg,107718
99,image_0100.jpg,24521
100,image_0101.jpg,3736
101,image_0102.jpg,509351
102,image_0103.jpg,12916
103,image_0104.jpg,3580
104,image_0105.jpg,207533
105,image_0106.jpg,358875
106,image_0107.jpg,22835
107,image_0108.jpg,17507
108,image_0109.jpg,234363
109,image_0110.jpg,12125
110,image_0111.jpg,4179
111,image_0112.jpg,5169
112,image_0113.jpg,26665
113,image_0114.jpg,3545
114,image_0115.jpg,730192
115,image_0116.jpg,2929
116,image_0117.jpg,153603
117,image_0118.jpg,6858
118,image_0119.jpg,206503
119,image_0120.jpg,3566
120,image_0121.jpg,14857
121,image_0122.jpg,5006
122,image_0123.jpg,60352
123,image_0124.jpg,19393
124,image_0125.jpg,9640
125,image_0126.jpg,15152
126,image_0127.jpg,5570
127,image_0128.jpg,51995
128,image_0129.jpg,390332
129,image_0130.jpg,3771
130,image_0131.jpg,204864
131,image_0132.jpg,8489
132,image_0133.jpg,5233
133,image_0134.jpg,13068
134,image_0135.jpg,125084
135,image_0136.jpg,3559
136,image_0137.jpg,4413
137,image_0138.jpg,26592
138,image_0139.jpg,3506
139,image_0140.jpg,4010
140,image_0141.jpg,5327
141,image_0142.jpg,3936
142,image_0143.jpg,2278366
143,image_0144.jpg,3614
144,image_0145.jpg,5788
145,image_0146.jpg,8570
146,image_0147.jpg,135087
147,image_0148.jpg,82720
148,image_0149.jpg,18834
149,image_0150.jpg,9325
150,image_0151.jpg,59578
151,image_0152.jpg,9685
152,image_0153.jpg,26437
153,image_0154.jpg,345785
154,image_0155.jpg,46200
155,image_0156.jpg,452947
156,image_0157.jpg,6845
157,image_0158.jpg,4262
158,image_0159.jpg,66678
159,image_0160.jpg,1133151
160,image_0161.jpg,62579
161,image_0162.jpg,4051
162,image_0163.jpg,534141
163,image_0164.jpg,23265
164,image_0165.jpg,17573
165,image_0166.jpg,3724
166,image_0167.jpg,122880
167,image_0168.jpg,4185
168,image_0169.jpg,475987
169,image_0170.jpg,72908
170,image_0171.jpg,25601
171,image_0172.jpg,4598
172,image_0173.jpg,16734
173,image_0174.jpg,5651
174,image_0175.jpg,4562
175,image_0176.jpg,4638
176,image_0177.jpg,15989
177,image_0178.jpg,17326
178,image_0179.jpg,11216
179,image_0180.jpg,7595
180,image_0181.jpg,12330
181,image_0182.jpg,14084
182,image_0183.jpg,5661
183,image_0184.jpg,12232
184,image_0185.jpg,25625
185,image_0186.jpg,4386
186,image_0187.jpg,3475
187,image_0188.jpg,7350
188,image_0189.jpg,32101
189,image_0190.jpg,197059
190,image_0191.jpg,203958
191,image_0192.jpg,18333
192,image_0193.jpg,6519053
193,image_0194.jpg,471614
194,image_0195.jpg,4283100
195,image_0196.jpg,7456
196,image_0197.jpg,133624
197,image_0198.jpg,5020
198,image_0199.jpg,5298
199,image_0200.jpg,3610
200,image_0201.jpg,5322
201,image_0202.jpg,789416
202,image_0203.jpg,3910
203,image_0204.jpg,3500
204,image_0205.jpg,982999
205,image_0206.jpg,3793
206,image_0207.jpg,3675
207,image_0208.jpg,4828
208,image_0209.jpg,7497
209,image_0210.jpg,82524
210,image_0211.jpg,34606
211,image_0212.jpg,7854
212,image_0213.jpg,272964
213,image_0214.jpg,5131
214,image_0215.jpg,57742
215,image_0216.jpg,7708
216,image_0217.jpg,31004
217,image_0218.jpg,14994
218,image_0219.jpg,83400
219,image_0220.jpg,6482
220,image_0221.jpg,4556
221,image_0222.jpg,9108
222,image_0223.jpg,9285
223,image_0224.jpg,83601
224,image_0225.jpg,2888
225,image_0226.jpg,13957
226,image_0227.jpg,7236687
227,image_0228.jpg,3276
228,image_0229.jpg,23839
229,image_0230.jpg,18837
230,image_0231.jpg,420833
231,image_0232.jpg,5420
232,image_0233.jpg,6105
233,image_0234.jpg,4081
234,image_0235.jpg,4229
235,image_0236.jpg,712922
236,image_0237.jpg,3811
237,image_0238.jpg,12213
238,image_0239.jpg,24731
239,image_0240.jpg,12427
240,image_0241.jpg,220734
241,image_0242.jpg,68796
242,image_0243.jpg,77464
243,image_0244.jpg,95990
244,image_0245.jpg,6933
245,image_0246.jpg,4124
246,image_0247.jpg,17710
247,image_0248.jpg,86969
248,image_0249.jpg,16250
249,image_0250.jpg,16070
250,image_0251.jpg,34094
251,image_0252.jpg,30189
252,image_0253.jpg,127188
253,image_0254.jpg,6497
254,image_0255.jpg,7088
255,image_0256.jpg,22076
256,image_0257.jpg,9066
257,image_0258.jpg,1145052
258,image_0259.jpg,6436
259,image_0260.jpg,31336
260,image_0261.jpg,5400
261,image_0262.jpg,8368403
262,image_0263.jpg,570919
263,image_0264.jpg,607711
264,image_0265.jpg,11389
265,image_0266.jpg,25995
266,image_0267.jpg,290227
267,image_0268.jpg,967806
268,image_0269.jpg,349234
269,image_0270.jpg,309316
270,image_0271.jpg,152178
271,image_0272.jpg,7540
272,image_0273.jpg,231362
273,image_0274.jpg,14777
274,image_0275.jpg,4881
275,image_0276.jpg,15007
276,image_0277.jpg,5290
277,image_0278.jpg,4385
278,image_0279.jpg,172358
279,image_0280.jpg,15806
280,image_0281.jpg,20035
281,image_0282.jpg,27606
282,image_0283.jpg,213891
283,image_0284.jpg,9198
284,image_0285.jpg,222898
285,image_0286.jpg,29805
286,image_0287.jpg,4263
287,image_0288.jpg,8128
288,image_0289.jpg,4214
289,image_0290.jpg,2910
290,image_0291.jpg,4000
291,image_0292.jpg,10086
292,image_0293.jpg,29317
293,image_0294.jpg,46077
294,image_0295.jpg,17336
295,image_0296.jpg,5189
296,image_0297.jpg,10012
297,image_0298.jpg,9875
298,image_0299.jpg,7803893
299,image_0300.jpg,104100
300,image_0301.jpg,160292
301,image_0302.jpg,345563
302,image_0303.jpg,24171
303,image_0304.jpg,7916
304,image_0305.jpg,142944
305,image_0306.jpg,67131
306,image_0307.jpg,8268
307,image_0308.jpg,2683663
308,image_0309.jpg,29752
309,image_0310.jpg,27832
310,image_0311.jpg,50148
311,image_0312.jpg,48205
312,image_0313.jpg,31242
313,image_0314.jpg,5000
314,image_0315.jpg,20968
315,image_0316.jpg,3924
316,image_0317.jpg,155475
317,image_0318.jpg,360249
318,image_0319.jpg,14766
319,image_0320.jpg,5897
320,image_0321.jpg,281956
321,image_0322.jpg,3251
322,image_0323.jpg,68322
323,image_0324.jpg,110461
324,image_0325.jpg,9903
325,image_0326.jpg,3587
326,image_0327.jpg,4330
327,image_0328.jpg,31055
328,image_0329.jpg,16630
329,image_0330.jpg,7858
330,image_0331.jpg,3501
331,image_0332.jpg,5616
332,image_0333.jpg,6854
333,image_0334.jpg,4747
334,image_0335.jpg,6253
335,image_0336.jpg,14052
336,image_0337.jpg,66123
337,image_0338.jpg,11232
338,image_0339.jpg,5512
339,image_0340.jpg,13573
340,image_0341.jpg,1960554
341,image_0342.jpg,8764
342,image_0343.jpg,25071
343,image_0344.jpg,40779
344,image_0345.jpg,4332
345,image_0346.jpg,410391
346,image_0347.jpg,105951
347,image_0348.jpg,21159
348,image_0349.jpg,45165
349,image_0350.jpg,19160
350,image_0351.jpg,159252
351,image_0352.jpg,7763
352,image_0353.jpg,5250
353,image_0354.jpg,22395
354,image_0355.jpg,120897
355,image_0356.jpg,144736
356,image_0357.jpg,125602
357,image_0358.jpg,6673
358,image_0359.jpg,7711
359,image_0360.jpg,14619
360,image_0361.jpg,13500
361,image_0362.jpg,67720
362,image_0363.jpg,3828
363,image_0364.jpg,5948
364,image_0365.jpg,19563
365,image_0366.jpg,6004
366,image_0367.jpg,280849
367,image_0368.jpg,45310
368,image_0369.jpg,173481
369,image_0370.jpg,8618
370,image_0371.jpg,1210517
371,image_0372.jpg,82696
372,image_0373.jpg,66860
373,image_0374.jpg,34196
374,image_0375.jpg,3254
375,image_0376.jpg,8988
376,image_0377.jpg,103701
377,image_0378.jpg,47951
378,image_0379.jpg,234604
379,image_0380.jpg,222941
380,image_0381.jpg,21025
381,image_0382.jpg,3652
382,image_0383.jpg,3583
383,image_0384.jpg,33437
384,image_0385.jpg,213159
385,image_0386.jpg,22886
386,image_0387.jpg,2144
387,image_0388.jpg,24697
388,image_0389.jpg,5179
389,image_0390.jpg,599703
390,image_0391.jpg,50182
391,image_0392.jpg,1502825
392,image_0393.jpg,40130
393,image_0394.jpg,79452
394,image_0395.jpg,29087
395,image_0396.jpg,134368
396,image_0397.jpg,23095
397,image_0398.jpg,42085
398,image_0399.jpg,5365738
399,image_0400.jpg,14953
400,image_0401.jpg,178641
401,image_0402.jpg,630660
402,image_0403.jpg,4856
403,image_0404.jpg,305074
404,image_0405.jpg,43084
405,image_0406.jpg,51186
406,image_0407.jpg,365528
407,image_0408.jpg,49343
408,image_0409.jpg,263250
409,image_0410.jpg,98810
410,image_0411.jpg,4947
411,image_0412.jpg,14644
412,image_0413.jpg,13132
413,image_0414.jpg,1613340
414,image_0415.jpg,9689
415,image_0416.jpg,6932
416,image_0417.jpg,13271
417,image_0418.jpg,183544
418,image_0419.jpg,15910
419,image_0420.jpg,19246
420,image_0421.jpg,5219
421,image_0422.jpg,7746
422,image_0423.jpg,5158
423,image_0424.jpg,165257
424,image_0425.jpg,16595
425,image_0426.jpg,147177
426,image_0427.jpg,55833
427,image_0428.jpg,797647
428,image_0429.jpg,893244
429,image_0430.jpg,3410480
430,image_0431.jpg,57730
431,image_0432.jpg,39081
432,image_0433.jpg,46515
433,image_0434.jpg,254973
434,image_0435.jpg,118824
435,image_0436.jpg,35736
436,image_0437.jpg,281289
437,image_0438.jpg,58687
438,image_0439.jpg,225548
439,image_0440.jpg,41127
440,image_0441.jpg,5926672
441,image_0442.jpg,6466
442,image_0443.jpg,165214
443,image_0444.jpg,100719
444,image_0445.jpg,238385
445,image_0446.jpg,183543
446,image_0447.jpg,5219
447,image_0448.jpg,1392072
448,image_0449.jpg,13400
449,image_0450.jpg,598622
450,image_0451.jpg,10499
451,image_0452.jpg,4525
452,image_0453.jpg,225545
453,image_0454.jpg,22049
454,image_0455.jpg,98728
455,image_0456.jpg,13132
456,image_0457.jpg,3835
457,image_0458.jpg,71214
458,image_0459.jpg,55855
459,image_0460.jpg,893998
460,image_0461.jpg,4989
461,image_0462.jpg,7743
462,image_0463.jpg,266408
463,image_0464.jpg,1613330
464,image_0465.jpg,18148
465,image_0466.jpg,52857
466,image_0467.jpg,255014
467,image_0468.jpg,4947
468,image_0469.jpg,7746
469,image_0470.jpg,46525
470,image_0471.jpg,35724
471,image_0472.jpg,630313
472,image_0473.jpg,147348
473,image_0474.jpg,281397
474,image_0475.jpg,4856
475,image_0476.jpg,43076
476,image_0477.jpg,46569
477,image_0478.jpg,685054
478,image_0479.jpg,251952
479,image_0480.jpg,12994
480,image_0481.jpg,79349
481,image_0482.jpg,185846
482,image_0483.jpg,9114
483,image_0484.jpg,271636
484,image_0485.jpg,18631
485,image_0486.jpg,297244
486,image_0487.jpg,35697
487,image_0488.jpg,26412
488,image_0489.jpg,775203
489,image_0490.jpg,10902
490,image_0491.jpg,23601
491,image_0492.jpg,28778
492,image_0493.jpg,25697
493,image_0494.jpg,86527
494,image_0495.jpg,10896
495,image_0496.jpg,1058322
496,image_0497.jpg,18039
497,image_0498.jpg,233586
498,image_0499.jpg,47041
499,image_0500.jpg,6939
500,image_0501.jpg,121870
501,image_0502.jpg,155698
502,image_0503.jpg,44438
503,image_0504.jpg,80703
504,image_0505.jpg,3413413
505,image_0506.jpg,59793
506,image_0507.jpg,274047
507,image_0508.jpg,489285
508,image_0509.jpg,183413
509,image_0510.jpg,465976
510,image_0511.jpg,30654
511,image_0512.jpg,57303
512,image_0513.jpg,54586
513,image_0514.jpg,59607
514,image_0515.jpg,77680
515,image_0516.jpg,75290
516,image_0517.jpg,611197
517,image_0518.jpg,218104
518,image_0519.jpg,18596
519,image_0520.jpg,160650
520,image_0521.jpg,260604
521,image_0522.jpg,18559
522,image_0523.jpg,5736376
523,image_0524.jpg,130848
524,image_0525.jpg,768534
525,image_0526.jpg,8426
526,image_0527.jpg,15550
527,image_0528.jpg,233734
528,image_0529.jpg,6389804
529,image_0530.jpg,1625566
530,image_0531.jpg,1435286
531,image_0532.jpg,177146
532,image_0533.jpg,70870
533,image_0534.jpg,54082
534,image_0535.jpg,5345
535,image_0536.jpg,339339
536,image_0537.jpg,8804
537,image_0538.jpg,55371
538,image_0539.jpg,9165
539,image_0540.jpg,17023
540,image_0541.jpg,125054
541,image_0542.jpg,14667
542,image_0543.jpg,5379
543,image_0544.jpg,8772
544,image_0545.jpg,6001
545,image_0546.jpg,5224704
546,image_0547.jpg,73201
547,image_0548.jpg,87554
548,image_0549.jpg,132710
549,image_0550.jpg,36498
550,image_0551.jpg,325470
551,image_0552.jpg,21941
552,image_0553.jpg,128929
553,image_0554.jpg,45521
554,image_0555.jpg,34644
555,image_0556.jpg,284684
556,image_0557.jpg,12761
557,image_0558.jpg,5225
558,image_0559.jpg,28237
559,image_0560.jpg,214734
560,image_0561.jpg,492971
561,image_0562.jpg,19549
562,image_0563.jpg,125335
563,image_0564.jpg,262535
564,image_0565.jpg,189915
565,image_0566.jpg,6289
566,image_0567.jpg,17681
567,image_0568.jpg,62476
568,image_0569.jpg,60198
569,image_0570.jpg,14998
570,image_0571.jpg,22444
571,image_0572.jpg,183340
572,image_0573.jpg,100708
573,image_0574.jpg,24360
574,image_0575.jpg,7934
575,image_0576.jpg,5691
576,image_0577.jpg,8956
577,image_0578.jpg,4435
578,image_0579.jpg,5790
579,image_0580.jpg,621556
580,image_0581.jpg,6588
581,image_0582.jpg,17921
582,image_0583.jpg,21379
583,image_0584.jpg,619963
584,image_0585.jpg,354718
585,image_0586.jpg,12409
586,image_0587.jpg,17969
587,image_0588.jpg,5537
588,image_0589.jpg,6420
589,image_0590.jpg,30733
590,image_0591.jpg,4221
591,image_0592.jpg,10013
592,image_0593.jpg,96888
593,image_0594.jpg,52734
594,image_0595.jpg,111866
595,image_0596.jpg,3265
596,image_0597.jpg,3869
597,image_0598.jpg,4589
598,image_0599.jpg,7162
599,image_0600.jpg,110783
600,image_0601.jpg,5941
601,image_0602.jpg,7519
602,image_0603.jpg,6708
603,image_0604.jpg,57233
604,image_0605.jpg,113032
605,image_0606.jpg,161770
606,image_0607.jpg,5882
607,image_0608.jpg,40593
608,image_0609.jpg,65416
609,image_0610.jpg,87771
610,image_0611.jpg,7175
611,image_0612.jpg,3789
612,image_0613.jpg,28438
613,image_0614.jpg,6081
614,image_0615.jpg,79693
615,image_0616.jpg,15365
616,image_0617.jpg,504685
617,image_0618.jpg,6002
618,image_0619.jpg,234256
619,image_0620.jpg,33416
620,image_0621.jpg,4767
621,image_0622.jpg,12423
622,image_0623.jpg,11532
623,image_0624.jpg,12564
624,image_0625.jpg,2816
625,image_0626.jpg,80264
626,image_0627.jpg,7401
627,image_0628.jpg,26696
628,image_0629.jpg,4754
629,image_0630.jpg,8505
630,image_0631.jpg,9775
631,image_0632.jpg,1973195
632,image_0633.jpg,25629
633,image_0634.jpg,65979
634,image_0635.jpg,449248
635,image_0636.jpg,519172
636,image_0637.jpg,2496
637,image_0638.jpg,76326
638,image_0639.jpg,5116
639,image_0640.jpg,83443
640,image_0641.jpg,5082
641,image_0642.jpg,56056
642,image_0643.jpg,63691
643,image_0644.jpg,51264
644,image_0645.jpg,94671
645,image_0646.jpg,156736
646,image_0647.jpg,20898
647,image_0648.jpg,204852
648,image_0649.jpg,23855
649,image_0650.jpg,17705
650,image_0651.jpg,103956
651,image_0652.jpg,4245
652,image_0653.jpg,89931
653,image_0654.jpg,91708
654,image_0655.jpg,17404
655,image_0656.jpg,2703
656,image_0657.jpg,62980
657,image_0658.jpg,45354
658,image_0659.jpg,118965
659,image_0660.jpg,95020
660,image_0661.jpg,538413
661,image_0662.jpg,52338
662,image_0663.jpg,164019
663,image_0664.jpg,276149
664,image_0665.jpg,117287
665,image_0666.jpg,21759
666,image_0667.jpg,40770
667,image_0668.jpg,9144
668,image_0669.jpg,16668
669,image_0670.jpg,25807
670,image_0671.jpg,205749
671,image_0672.jpg,80182
672,image_0673.jpg,178248
673,image_0674.jpg,63794
674,image_0675.jpg,267924
675,image_0676.jpg,57436
676,image_0677.jpg,3278038
677,image_0678.jpg,23859
678,image_0679.jpg,130892
679,image_0680.jpg,25404
680,image_0681.jpg,9910
681,image_0682.jpg,21758
682,image_0683.jpg,72161
683,image_0684.jpg,9122
684,image_0685.jpg,190596
685,image_0686.jpg,3061
686,image_0687.jpg,9722
687,image_0688.jpg,4002
688,image_0689.jpg,14080
689,image_0690.jpg,18316
690,image_0691.jpg,4367
691,image_0692.jpg,5356
692,image_0693.jpg,54210
693,image_0694.jpg,23805
694,image_0695.jpg,24575
695,image_0696.jpg,4063
696,image_0697.jpg,4794
697,image_0698.jpg,25611
698,image_0699.jpg,22303
699,image_0700.jpg,173233
700,image_0701.jpg,1107809
701,image_0702.jpg,204424
702,image_0703.jpg,93286
703,image_0704.jpg,93651
704,image_0705.jpg,28755
705,image_0706.jpg,343462
706,image_0707.jpg,6169
707,image_0708.jpg,66786
708,image_0709.jpg,7871
709,image_0710.jpg,38248
710,image_0711.jpg,14401
711,image_0712.jpg,89808
712,image_0713.jpg,35820
713,image_0714.jpg,42116
714,image_0715.jpg,5015
715,image_0716.jpg,9150
716,image_0717.jpg,22417
717,image_0718.jpg,11497
718,image_0719.jpg,8687
719,image_0720.jpg,4006
720,image_0721.jpg,417649
721,image_0722.jpg,322967
722,image_0723.jpg,46378
723,image_0724.jpg,1445931
724,image_0725.jpg,1059870
725,image_0726.jpg,246597
726,image_0727.jpg,167636
727,image_0728.jpg,232762
728,image_0729.jpg,3274801
729,image_0730.jpg,159244
730,image_0731.jpg,390100
731,image_0732.jpg,105657
732,image_0733.jpg,3516944
733,image_0734.jpg,697331
734,image_0735.jpg,2479900
735,image_0736.jpg,1323950
736,image_0737.jpg,667586
737,image_0738.jpg,97437
738,image_0739.jpg,33023
739,image_0740.jpg,463835
740,image_0741.jpg,386717
741,image_0742.jpg,513021
742,image_0743.jpg,7977264
743,image_0744.jpg,441430
744,image_0745.jpg,47044
745,image_0746.jpg,477494
746,image_0747.jpg,1313990
747,image_0748.jpg,309488
748,image_0749.jpg,719047
749,image_0750.jpg,1026645
750,image_0751.jpg,244484
751,image_0752.jpg,544203
752,image_0753.jpg,572150
753,image_0754.jpg,390828
754,image_0755.jpg,70151
755,image_0756.jpg,6334846
756,image_0757.jpg,1401650
757,image_0758.jpg,301405
758,image_0759.jpg,975695
759,image_0760.jpg,575162
760,image_0761.jpg,544082
761,image_0762.jpg,54591
762,image_0763.jpg,390034
763,image_0764.jpg,211069
764,image_0765.jpg,383229
765,image_0766.jpg,186449
766,image_0767.jpg,655963
767,image_0768.jpg,969995
768,image_0769.jpg,338410
769,image_0770.jpg,609390
770,image_0771.jpg,2694133
771,image_0772.jpg,651518
772,image_0773.jpg,793378
773,image_0774.jpg,247835
774,image_0775.jpg,820107
775,image_0776.jpg,497352
776,image_0777.jpg,6334805
777,image_0778.jpg,614799
778,image_0779.jpg,8011
779,image_0780.jpg,464672
780,image_0781.jpg,6305286
781,image_0782.jpg,146858
782,image_0783.jpg,133568
783,image_0784.jpg,605332
784,image_0785.jpg,21342
785,image_0786.jpg,221283
786,image_0787.jpg,13512
787,image_0788.jpg,576470
788,image_0789.jpg,83266
789,image_0790.jpg,15238
790,image_0791.jpg,277170
791,image_0792.jpg,361743
792,image_0793.jpg,869682
793,image_0794.jpg,329301
794,image_0795.jpg,451231
795,image_0796.jpg,1165527
796,image_0797.jpg,331296
797,image_0798.jpg,347137
798,image_0799.jpg,461479
799,image_0800.jpg,154257
800,image_0801.jpg,11016
801,image_0802.jpg,4139
802,image_0803.jpg,11657
803,image_0804.jpg,5584
804,image_0805.jpg,3908
805,image_0806.jpg,8309
806,image_0807.jpg,532408
807,image_0808.jpg,5373
808,image_0809.jpg,64909
809,image_0810.jpg,6064
810,image_0811.jpg,12466
811,image_0812.jpg,7917
812,image_0813.jpg,16855
813,image_0814.jpg,57090
814,image_0815.jpg,34310
815,image_0816.jpg,6594
816,image_0817.jpg,4298
817,image_0818.jpg,11948
818,image_0819.jpg,8939
819,image_0820.jpg,4603
820,image_0821.jpg,21092
821,image_0822.jpg,7407
822,image_0823.jpg,6226
823,image_0824.jpg,15149
824,image_0825.jpg,8659
825,image_0826.jpg,11905
826,image_0827.jpg,8057
827,image_0828.jpg,5041
828,image_0829.jpg,43647
829,image_0830.jpg,7484
830,image_0831.jpg,25506
831,image_0832.jpg,11409
832,image_0833.jpg,6697
833,image_0834.jpg,14433
834,image_0835.jpg,8495
835,image_0836.jpg,7862
836,image_0837.jpg,13677
837,image_0838.jpg,15393
838,image_0839.jpg,10104
839,image_0840.jpg,13018
840,image_0841.jpg,4139
841,image_0842.jpg,24121
842,image_0843.jpg,6169
843,image_0844.jpg,5139
844,image_0845.jpg,4083
845,image_0846.jpg,8507
846,image_0847.jpg,21093
847,image_0848.jpg,5059
848,image_0849.jpg,8910
849,image_0850.jpg,6189
850,image_0851.jpg,10426
851,image_0852.jpg,4686
852,image_0853.jpg,11399
853,image_0854.jpg,11326
854,image_0855.jpg,4592
855,image_0856.jpg,12481
856,image_0857.jpg,9463
857,image_0858.jpg,4077
858,image_0859.jpg,86451
859,image_0860.jpg,6695
860,image_0861.jpg,27234
861,image_0862.jpg,7896
862,image_0863.jpg,10298
863,image_0864.jpg,487896
864,image_0865.jpg,43890
865,image_0866.jpg,15875
866,image_0867.jpg,3964
867,image_0868.jpg,10702
868,image_0869.jpg,9606
869,image_0870.jpg,7290
870,image_0871.jpg,159107
871,image_0872.jpg,48428
872,image_0873.jpg,6698
873,image_0874.jpg,4489
874,image_0875.jpg,4114
875,image_0876.jpg,5997
876,image_0877.jpg,30634
877,image_0878.jpg,1092209
878,image_0879.jpg,615784
879,image_0880.jpg,62114
880,image_0881.jpg,131551
881,image_0882.jpg,431090
882,image_0883.jpg,29291
883,image_0884.jpg,22582
884,image_0885.jpg,100383
885,image_0886.jpg,336715
886,image_0887.jpg,117589
887,image_0888.jpg,18141
888,image_0889.jpg,154075
889,image_0890.jpg,104973
890,image_0891.jpg,96567
891,image_0892.jpg,46858
892,image_0893.jpg,35398
893,image_0894.jpg,25102
894,image_0895.jpg,24926
895,image_0896.jpg,60412
896,image_0897.jpg,60652
897,image_0898.jpg,61774
898,image_0899.jpg,52915
899,image_0900.jpg,12176
900,image_0901.jpg,4520
901,image_0902.jpg,10719
902,image_0903.jpg,12540
903,image_0904.jpg,154418
904,image_0905.jpg,8393
905,image_0906.jpg,18525
906,image_0907.jpg,716491
907,image_0908.jpg,220562
908,image_0909.jpg,264840
909,image_0910.jpg,37836
910,image_0911.jpg,368505
911,image_0912.jpg,106572
912,image_0913.jpg,71757
913,image_0914.jpg,12356
914,image_0915.jpg,217351
915,image_0916.jpg,47826
916,image_0917.jpg,522629
917,image_0918.jpg,116320
918,image_0919.jpg,36787
919,image_0920.jpg,1148852
920,image_0921.jpg,430959
921,image_0922.jpg,8436
922,image_0923.jpg,716596
923,image_0924.jpg,54775
924,image_0925.jpg,64075
925,image_0926.jpg,18643
926,image_0927.jpg,138764
927,image_0928.jpg,35267
928,image_0929.jpg,35201
929,image_0930.jpg,95752
930,image_0931.jpg,625829
931,image_0932.jpg,220509
932,image_0933.jpg,24206
933,image_0934.jpg,31383
934,image_0935.jpg,272291
935,image_0936.jpg,39207
936,image_0937.jpg,37925
937,image_0938.jpg,49750
938,image_0939.jpg,6187
939,image_0940.jpg,146101
940,image_0941.jpg,20241
941,image_0942.jpg,4453
942,image_0943.jpg,6776
943,image_0944.jpg,31721
944,image_0945.jpg,68749
945,image_0946.jpg,11684
946,image_0947.jpg,4471
947,image_0948.jpg,6517
948,image_0949.jpg,6254
949,image_0950.jpg,6018
950,image_0951.jpg,15398
951,image_0952.jpg,27261
952,image_0953.jpg,11491
953,image_0954.jpg,34805
954,image_0955.jpg,5885
955,image_0956.jpg,13657
956,image_0957.jpg,18354
957,image_0958.jpg,575927
958,image_0959.jpg,53293
959,image_0960.jpg,5243
960,image_0961.jpg,465726
961,image_0962.jpg,23323
962,image_0963.jpg,47795
963,image_0964.jpg,67823
964,image_0965.jpg,19837
965,image_0966.jpg,40169
966,image_0967.jpg,109438
967,image_0968.jpg,148636
968,image_0969.jpg,7554
969,image_0970.jpg,17320
970,image_0971.jpg,487245
971,image_0972.jpg,74823
972,image_0973.jpg,540537
973,image_0974.jpg,404040
974,image_0975.jpg,405237
975,image_0976.jpg,573570
976,image_0977.jpg,167674
977,image_0978.jpg,508714
978,image_0979.jpg,613659
979,image_0980.jpg,161835
980,image_0981.jpg,396638
981,image_0982.jpg,79971
982,image_0983.jpg,93479
983,image_0984.jpg,572598
984,image_0985.jpg,92379
985,image_0986.jpg,180138
986,image_0987.jpg,382064
987,image_0988.jpg,20726
988,image_0989.jpg,180004
989,image_0990.jpg,186106
990,image_0991.jpg,37945
991,image_0992.jpg,32377
992,image_0993.jpg,39328
993,image_0994.jpg,29315
994,image_0995.jpg,265314
995,image_0996.jpg,54102
996,image_0997.jpg,1069510
997,image_0998.jpg,577781
998,image_0999.jpg,14523
999,image_1000.jpg,25928
1000,image_1001.jpg,59583
1001,image_1002.jpg,23314
1002,image_1003.jpg,415318
1003,image_1004.jpg,7398
1004,image_1005.jpg,177084
1005,image_1006.jpg,12921
1006,image_1007.jpg,179261
1007,image_1008.jpg,20722
1008,image_1009.jpg,428486
1009,image_1010.jpg,67047
1010,image_1011.jpg,32377
1011,image_1012.jpg,39374
1012,image_1013.jpg,45092
1013,image_1014.jpg,5651
1014,image_1015.jpg,17404
1015,image_1016.jpg,258443
1016,image_1017.jpg,79990
1017,image_1018.jpg,39306
1018,image_1019.jpg,62419
1019,image_1020.jpg,262483
1020,image_1021.jpg,29770
1021,image_1022.jpg,946104
1022,image_1023.jpg,29947
1023,image_1024.jpg,25994
1024,image_1025.jpg,579118
1025,image_1026.jpg,157195
1026,image_1027.jpg,349768
1027,image_1028.jpg,22818
1028,image_1029.jpg,4531
1029,image_1030.jpg,86561
1030,image_1031.jpg,44823
1031,image_1032.jpg,73630
1032,image_1033.jpg,110262
1033,image_1034.jpg,12012
1034,image_1035.jpg,8880
1035,image_1036.jpg,2544733
1036,image_1037.jpg,22072
1037,image_1038.jpg,183947
1038,image_1039.jpg,639369
1039,image_1040.jpg,1127270
1040,image_1041.jpg,3624
1041,image_1042.jpg,16265
1042,image_1043.jpg,21894
1043,image_1044.jpg,53239
1044,image_1045.jpg,21831
1045,image_1046.jpg,120553
1046,image_1047.jpg,661708
1047,image_1048.jpg,8355
1048,image_1049.jpg,187284
1049,image_1050.jpg,62279
1050,image_1051.jpg,112855
1051,image_1052.jpg,6257
1052,image_1053.jpg,17646
1053,image_1054.jpg,77221
1054,image_1055.jpg,10279
1055,image_1056.jpg,1035490
1056,image_1057.jpg,14946
1057,image_1058.jpg,3838
1058,image_1059.jpg,31504
1059,image_1060.jpg,2045221
1060,image_1061.jpg,1764957
1061,image_1062.jpg,4860
1062,image_1063.jpg,13664
1063,image_1064.jpg,132807
1064,image_1065.jpg,564508
1065,image_1066.jpg,3364
1066,image_1067.jpg,259280
1067,image_1068.jpg,3182
1068,image_1069.jpg,6215
1069,image_1070.jpg,32784
1070,image_1071.jpg,16825
1071,image_1072.jpg,1195485
1072,image_1073.jpg,3819
1073,image_1074.jpg,17076
1074,image_1075.jpg,3116
1075,image_1076.jpg,6653
1076,image_1077.jpg,8502
1077,image_1078.jpg,8845
1078,image_1079.jpg,474301
1079,image_1080.jpg,8012
1080,image_1081.jpg,4983
1081,image_1082.jpg,4200
1082,image_1083.jpg,4012
1083,image_1084.jpg,22432
1084,image_1085.jpg,3730
1085,image_1086.jpg,10289
1086,image_1087.jpg,377441
1087,image_1088.jpg,54859
1088,image_1089.jpg,522240
1089,image_1090.jpg,2697
1090,image_1091.jpg,11305
1091,image_1092.jpg,75043
1092,image_1093.jpg,3979
1093,image_1094.jpg,29516
1094,image_1095.jpg,11566
1095,image_1096.jpg,6991
1096,image_1097.jpg,81382
1097,image_1098.jpg,3906
1098,image_1099.jpg,12000
1099,image_1100.jpg,14696
1100,image_1101.jpg,23286
1101,image_1102.jpg,2950
1102,image_1103.jpg,143628
1103,image_1104.jpg,101204
1104,image_1105.jpg,26493
1105,image_1106.jpg,100151
1106,image_1107.jpg,940019
1107,image_1108.jpg,10357
1108,image_1109.jpg,6618
1109,image_1110.jpg,5586
1110,image_1111.jpg,330622
1111,image_1112.jpg,3134
1112,image_1113.jpg,4870
1113,image_1114.jpg,12592
1114,image_1115.jpg,14261
1115,image_1116.jpg,22654
1116,image_1117.jpg,5964
1117,image_1118.jpg,2902
1118,image_1119.jpg,5418
1119,image_1120.jpg,20699
1120,image_1121.jpg,24302
1121,image_1122.jpg,21836
1122,image_1123.jpg,122694
1123,image_1124.jpg,16862
1124,image_1125.jpg,17117
1125,image_1126.jpg,6555
1126,image_1127.jpg,87738
1127,image_1128.jpg,411121
1128,image_1129.jpg,8136
1129,image_1130.jpg,481389
1130,image_1131.jpg,119872
1131,image_1132.jpg,118053
1132,image_1133.jpg,4487
1133,image_1134.jpg,6481
1134,image_1135.jpg,4394
1135,image_1136.jpg,34291
1136,image_1137.jpg,200599
1137,image_1138.jpg,601073
1138,image_1139.jpg,434681
1139,image_1140.jpg,407315
1140,image_1141.jpg,526193
1141,image_1142.jpg,18135
1142,image_1143.jpg,166493
1143,image_1144.jpg,74654
1144,image_1145.jpg,14956
1145,image_1146.jpg,128901
1146,image_1147.jpg,126720
1147,image_1148.jpg,26951
1148,image_1149.jpg,136492
1149,image_1150.jpg,127022
1150,image_1151.jpg,5585
1151,image_1152.jpg,77302
1152,image_1153.jpg,1307375
1153,image_1154.jpg,166407
1154,image_1155.jpg,170017
1155,image_1156.jpg,218635
1156,image_1157.jpg,77050
1157,image_1158.jpg,172448
1158,image_1159.jpg,211921
1159,image_1160.jpg,285832
1160,image_1161.jpg,7092950
1161,image_1162.jpg,28247
1162,image_1163.jpg,14695
1163,image_1164.jpg,4450
1164,image_1165.jpg,129076
1165,image_1166.jpg,6235
1166,image_1167.jpg,36330
1167,image_1168.jpg,127015
1168,image_1169.jpg,89650
1169,image_1170.jpg,5612
1170,image_1171.jpg,77330
1171,image_1172.jpg,76424
1172,image_1173.jpg,165467
1173,image_1174.jpg,9170
1174,image_1175.jpg,119872
1175,image_1176.jpg,18139
1176,image_1177.jpg,122803
1177,image_1178.jpg,99989
1178,image_1179.jpg,71383
1179,image_1180.jpg,11707
1180,image_1181.jpg,16334
1181,image_1182.jpg,56464
1182,image_1183.jpg,7709
1183,image_1184.jpg,6305
1184,image_1185.jpg,9210
1185,image_1186.jpg,32989
1186,image_1187.jpg,7067
1187,image_1188.jpg,213262
1188,image_1189.jpg,21119
1189,image_1190.jpg,458511
1190,image_1191.jpg,11644
1191,image_1192.jpg,97722
1192,image_1193.jpg,32747
1193,image_1194.jpg,123930
1194,image_1195.jpg,7992
1195,image_1196.jpg,8322
1196,image_1197.jpg,6871
1197,image_1198.jpg,8353
1198,image_1199.jpg,9747
1199,image_1200.jpg,4587948
1200,image_1201.jpg,3871
1201,image_1202.jpg,9004
1202,image_1203.jpg,38445
1203,image_1204.jpg,7743
1204,image_1205.jpg,17569
1205,image_1206.jpg,10462
1206,image_1207.jpg,146900
1207,image_1208.jpg,14213
1208,image_1209.jpg,4093
1209,image_1210.jpg,11717
1210,image_1211.jpg,7784
1211,image_1212.jpg,47364
1212,image_1213.jpg,9761
1213,image_1214.jpg,13191
1214,image_1215.jpg,4996
1215,image_1216.jpg,5048
1216,image_1217.jpg,4196
1217,image_1218.jpg,6805
1218,image_1219.jpg,7492
1219,image_1220.jpg,4114
1220,image_1221.jpg,6136
1221,image_1222.jpg,6606
1222,image_1223.jpg,11864
1223,image_1224.jpg,15985
1224,image_1225.jpg,9147
1225,image_1226.jpg,13719
1226,image_1227.jpg,20872
1227,image_1228.jpg,6898
1228,image_1229.jpg,57863
1229,image_1230.jpg,5744
1230,image_1231.jpg,3827
1231,image_1232.jpg,6624
1232,image_1233.jpg,8299
1233,image_1234.jpg,7839
1234,image_1235.jpg,7383
1235,image_1236.jpg,3922
1236,image_1237.jpg,40414
1237,image_1238.jpg,10930
1238,image_1239.jpg,4425
1239,image_1240.jpg,13779
1240,image_1241.jpg,6016
1241,image_1242.jpg,10127
1242,image_1243.jpg,5113
1243,image_1244.jpg,6278
1244,image_1245.jpg,13185
1245,image_1246.jpg,3890
1246,image_1247.jpg,47913
1247,image_1248.jpg,13718
1248,image_1249.jpg,5421
1249,image_1250.jpg,25180
1250,image_1251.jpg,33156
1251,image_1252.jpg,10400
1252,image_1253.jpg,9777
1253,image_1254.jpg,18757
1254,image_1255.jpg,5795
1255,image_1256.jpg,27318
1256,image_1257.jpg,13007
1257,image_1258.jpg,18057
1258,image_1259.jpg,3913
1259,image_1260.jpg,4214987
1260,image_1261.jpg,19788
1261,image_1262.jpg,5024
1262,image_1263.jpg,8718
1263,image_1264.jpg,8641
1264,image_1265.jpg,7281
1265,image_1266.jpg,6298
1266,image_1267.jpg,5110
1267,image_1268.jpg,4894
1268,image_1269.jpg,3327
1269,image_1270.jpg,11808
1270,image_1271.jpg,4431
1271,image_1272.jpg,6024
1272,image_1273.jpg,3725
1273,image_1274.jpg,3902
1274,image_1275.jpg,8972
1275,image_1276.jpg,4796
1276,image_1277.jpg,4190
1277,image_1278.jpg,5424
1278,image_1279.jpg,3176
1279,image_1280.jpg,21767
1280,image_1281.jpg,673065
1281,image_1282.jpg,6639
1282,image_1283.jpg,151297
1283,image_1284.jpg,302368
1284,image_1285.jpg,26384
1285,image_1286.jpg,6357
1286,image_1287.jpg,5044
1287,image_1288.jpg,32860
1288,image_1289.jpg,20173
1289,image_1290.jpg,339279
1290,image_1291.jpg,149226
1291,image_1292.jpg,7721
1292,image_1293.jpg,162830
1293,image_1294.jpg,76975
1294,image_1295.jpg,52638
1295,image_1296.jpg,5190
1296,image_1297.jpg,100286
1297,image_1298.jpg,24216
1298,image_1299.jpg,4194
1299,image_1300.jpg,6951
1300,image_1301.jpg,67376
1301,image_1302.jpg,153230
1302,image_1303.jpg,16301
1303,image_1304.jpg,78610
1304,image_1305.jpg,125627
1305,image_1306.jpg,4492
1306,image_1307.jpg,57647
1307,image_1308.jpg,3939
1308,image_1309.jpg,307083
1309,image_1310.jpg,173815
1310,image_1311.jpg,111957
1311,image_1312.jpg,110233
1312,image_1313.jpg,6899
1313,image_1314.jpg,28489
1314,image_1315.jpg,4913
1315,image_1316.jpg,15187
1316,image_1317.jpg,57558
1317,image_1318.jpg,363165
1318,image_1319.jpg,15259
1319,image_1320.jpg,35143
1320,image_1321.jpg,28093
1321,image_1322.jpg,89205
1322,image_1323.jpg,86259
1323,image_1324.jpg,225838
1324,image_1325.jpg,3937
1325,image_1326.jpg,153996
1326,image_1327.jpg,112107
1327,image_1328.jpg,18003
1328,image_1329.jpg,45009
1329,image_1330.jpg,69970
1330,image_1331.jpg,12152
1331,image_1332.jpg,20468
1332,image_1333.jpg,91064
1333,image_1334.jpg,437231
1334,image_1335.jpg,16937
1335,image_1336.jpg,25591
1336,image_1337.jpg,23388
1337,image_1338.jpg,10855
1338,image_1339.jpg,3871
1339,image_1340.jpg,176384
1340,image_1341.jpg,83807
1341,image_1342.jpg,476908
1342,image_1343.jpg,344136
1343,image_1344.jpg,74412
1344,image_1345.jpg,176872
1345,image_1346.jpg,43728
1346,image_1347.jpg,8282
1347,image_1348.jpg,3851
1348,image_1349.jpg,4032
1349,image_1350.jpg,5388
1350,image_1351.jpg,9178
1351,image_1352.jpg,87984
1352,image_1353.jpg,3497
1353,image_1354.jpg,7198
1354,image_1355.jpg,93501
1355,image_1356.jpg,32236
1356,image_1357.jpg,4143
1357,image_1358.jpg,14744
1358,image_1359.jpg,239275
